--
-- PostgreSQL database dump
--

-- Dumped from database version 9.3.24
-- Dumped by pg_dump version 9.3.24
-- Started on 2018-11-21 14:54:35

SET statement_timeout = 0;
SET lock_timeout = 0;
SET client_encoding = 'UTF8';
SET standard_conforming_strings = on;
SELECT pg_catalog.set_config('search_path', '', false);
SET check_function_bodies = false;
SET client_min_messages = warning;

--
-- TOC entry 1 (class 3079 OID 11750)
-- Name: plpgsql; Type: EXTENSION; Schema: -; Owner: 
--

CREATE EXTENSION IF NOT EXISTS plpgsql WITH SCHEMA pg_catalog;


--
-- TOC entry 1983 (class 0 OID 0)
-- Dependencies: 1
-- Name: EXTENSION plpgsql; Type: COMMENT; Schema: -; Owner: 
--

COMMENT ON EXTENSION plpgsql IS 'PL/pgSQL procedural language';


SET default_tablespace = '';

SET default_with_oids = false;

--
-- TOC entry 173 (class 1259 OID 16744)
-- Name: doctors; Type: TABLE; Schema: public; Owner: postgres; Tablespace: 
--

CREATE TABLE public.doctors (
    id integer NOT NULL,
    first_name character varying(20) NOT NULL,
    last_name character varying(20) NOT NULL,
    start_time time without time zone NOT NULL,
    end_time time without time zone NOT NULL
);


ALTER TABLE public.doctors OWNER TO postgres;

--
-- TOC entry 174 (class 1259 OID 16754)
-- Name: patients; Type: TABLE; Schema: public; Owner: postgres; Tablespace: 
--

CREATE TABLE public.patients (
    id integer NOT NULL,
    first_name character varying(20) NOT NULL,
    last_name character varying(20) NOT NULL,
    date_of_birth date NOT NULL,
    phone character varying(20) NOT NULL
);


ALTER TABLE public.patients OWNER TO postgres;

--
-- TOC entry 172 (class 1259 OID 16689)
-- Name: roles; Type: TABLE; Schema: public; Owner: postgres; Tablespace: 
--

CREATE TABLE public.roles (
    id integer NOT NULL,
    name character varying(255)
);


ALTER TABLE public.roles OWNER TO postgres;

--
-- TOC entry 171 (class 1259 OID 16687)
-- Name: roles_id_seq; Type: SEQUENCE; Schema: public; Owner: postgres
--

CREATE SEQUENCE public.roles_id_seq
    START WITH 1
    INCREMENT BY 1
    NO MINVALUE
    NO MAXVALUE
    CACHE 1;


ALTER TABLE public.roles_id_seq OWNER TO postgres;

--
-- TOC entry 1984 (class 0 OID 0)
-- Dependencies: 171
-- Name: roles_id_seq; Type: SEQUENCE OWNED BY; Schema: public; Owner: postgres
--

ALTER SEQUENCE public.roles_id_seq OWNED BY public.roles.id;


--
-- TOC entry 176 (class 1259 OID 16772)
-- Name: timeslots; Type: TABLE; Schema: public; Owner: postgres; Tablespace: 
--

CREATE TABLE public.timeslots (
    id integer NOT NULL,
    id_doctor integer NOT NULL,
    id_patient integer NOT NULL,
    start_time time without time zone NOT NULL,
    end_time time without time zone NOT NULL
);


ALTER TABLE public.timeslots OWNER TO postgres;

--
-- TOC entry 175 (class 1259 OID 16770)
-- Name: timeslots_id_seq; Type: SEQUENCE; Schema: public; Owner: postgres
--

CREATE SEQUENCE public.timeslots_id_seq
    START WITH 1
    INCREMENT BY 1
    NO MINVALUE
    NO MAXVALUE
    CACHE 1;


ALTER TABLE public.timeslots_id_seq OWNER TO postgres;

--
-- TOC entry 1985 (class 0 OID 0)
-- Dependencies: 175
-- Name: timeslots_id_seq; Type: SEQUENCE OWNED BY; Schema: public; Owner: postgres
--

ALTER SEQUENCE public.timeslots_id_seq OWNED BY public.timeslots.id;


--
-- TOC entry 178 (class 1259 OID 16791)
-- Name: users; Type: TABLE; Schema: public; Owner: postgres; Tablespace: 
--

CREATE TABLE public.users (
    id integer NOT NULL,
    email character varying(255),
    password character(255),
    role integer
);


ALTER TABLE public.users OWNER TO postgres;

--
-- TOC entry 177 (class 1259 OID 16789)
-- Name: users_id_seq; Type: SEQUENCE; Schema: public; Owner: postgres
--

CREATE SEQUENCE public.users_id_seq
    START WITH 1
    INCREMENT BY 1
    NO MINVALUE
    NO MAXVALUE
    CACHE 1;


ALTER TABLE public.users_id_seq OWNER TO postgres;

--
-- TOC entry 1986 (class 0 OID 0)
-- Dependencies: 177
-- Name: users_id_seq; Type: SEQUENCE OWNED BY; Schema: public; Owner: postgres
--

ALTER SEQUENCE public.users_id_seq OWNED BY public.users.id;


--
-- TOC entry 1844 (class 2604 OID 16692)
-- Name: id; Type: DEFAULT; Schema: public; Owner: postgres
--

ALTER TABLE ONLY public.roles ALTER COLUMN id SET DEFAULT nextval('public.roles_id_seq'::regclass);


--
-- TOC entry 1845 (class 2604 OID 16775)
-- Name: id; Type: DEFAULT; Schema: public; Owner: postgres
--

ALTER TABLE ONLY public.timeslots ALTER COLUMN id SET DEFAULT nextval('public.timeslots_id_seq'::regclass);


--
-- TOC entry 1846 (class 2604 OID 16794)
-- Name: id; Type: DEFAULT; Schema: public; Owner: postgres
--

ALTER TABLE ONLY public.users ALTER COLUMN id SET DEFAULT nextval('public.users_id_seq'::regclass);


--
-- TOC entry 1969 (class 0 OID 16744)
-- Dependencies: 173
-- Data for Name: doctors; Type: TABLE DATA; Schema: public; Owner: postgres
--

INSERT INTO public.doctors VALUES (28, 'Hannibal', 'Lecter', '07:00:00', '18:00:00');
INSERT INTO public.doctors VALUES (21, 'Percival', 'Cox', '06:00:00', '22:00:00');
INSERT INTO public.doctors VALUES (20, 'Kurt', 'Cobain', '09:00:00', '18:00:00');
INSERT INTO public.doctors VALUES (29, 'Jonathan', 'Dorian', '09:00:00', '18:00:00');
INSERT INTO public.doctors VALUES (30, 'Christopher', 'Turk', '09:00:00', '18:00:00');
INSERT INTO public.doctors VALUES (31, 'Gregory', 'House', '09:00:00', '20:00:00');


--
-- TOC entry 1970 (class 0 OID 16754)
-- Dependencies: 174
-- Data for Name: patients; Type: TABLE DATA; Schema: public; Owner: postgres
--

INSERT INTO public.patients VALUES (23, 'Bob', 'Flamel', '1745-04-07', '+380509999855');
INSERT INTO public.patients VALUES (32, 'Olexsandr', 'Pridolob', '1998-12-01', '+380507777866');
INSERT INTO public.patients VALUES (33, 'Selim', 'Abdul', '1998-12-30', '+380506666744');
INSERT INTO public.patients VALUES (34, 'Jonh', 'Wick', '1975-05-14', '+380501111233');


--
-- TOC entry 1968 (class 0 OID 16689)
-- Dependencies: 172
-- Data for Name: roles; Type: TABLE DATA; Schema: public; Owner: postgres
--

INSERT INTO public.roles VALUES (1, 'DOCTOR');
INSERT INTO public.roles VALUES (2, 'PATIENT');
INSERT INTO public.roles VALUES (3, 'ADMIN');


--
-- TOC entry 1987 (class 0 OID 0)
-- Dependencies: 171
-- Name: roles_id_seq; Type: SEQUENCE SET; Schema: public; Owner: postgres
--

SELECT pg_catalog.setval('public.roles_id_seq', 1, false);


--
-- TOC entry 1972 (class 0 OID 16772)
-- Dependencies: 176
-- Data for Name: timeslots; Type: TABLE DATA; Schema: public; Owner: postgres
--

INSERT INTO public.timeslots VALUES (52, 21, 23, '20:00:00', '21:00:00');
INSERT INTO public.timeslots VALUES (53, 21, 23, '21:10:00', '21:30:00');
INSERT INTO public.timeslots VALUES (45, 20, 23, '15:05:00', '16:00:00');


--
-- TOC entry 1988 (class 0 OID 0)
-- Dependencies: 175
-- Name: timeslots_id_seq; Type: SEQUENCE SET; Schema: public; Owner: postgres
--

SELECT pg_catalog.setval('public.timeslots_id_seq', 53, true);


--
-- TOC entry 1974 (class 0 OID 16791)
-- Dependencies: 178
-- Data for Name: users; Type: TABLE DATA; Schema: public; Owner: postgres
--

INSERT INTO public.users VALUES (21, 'ionelalupashku@gmail.com', '$2a$15$O6a8WzR07cvHhLHArZaGluFQOLvUP2AWGpr0n4KDkR0opFq7xnu0O                                                                                                                                                                                                   ', 1);
INSERT INTO public.users VALUES (20, 'mishasydora@gmail.com', '$2a$15$rSKU4LAIrEdKsUL3Jui7tubwV.PCePOr79MDjrvjALdv9nF8BKTrC                                                                                                                                                                                                   ', 1);
INSERT INTO public.users VALUES (23, 'nn@gmail.com', '$2a$15$swXpaKSJG/fZi6O4JzRAkezfj354AICBTLMDj3q1sMeLpzHP3Fk3W                                                                                                                                                                                                   ', 2);
INSERT INTO public.users VALUES (25, 'vvvv@gmail.com', '$2a$15$rT0HcckhbJiVcI6x.rUYLuILm8rTNpH6.4dYJhDrL8E9dlOBkc8Pu                                                                                                                                                                                                   ', 3);
INSERT INTO public.users VALUES (26, 'typiiher@gmail.com', '$2a$15$bU7Z1iXCRtdZ.w6QIjULPO.0Ov3WKXnwEdQVIKPrSH7hf2jZQhipS                                                                                                                                                                                                   ', 3);
INSERT INTO public.users VALUES (27, 'rrr@gmail.com', '$2a$15$vf0Doi7tN1njAxfzVyqEg.zmskXQSA9NZYf9VqnjHsdpb232rkJQ2                                                                                                                                                                                                   ', 1);
INSERT INTO public.users VALUES (28, 'sccssccs@gmail.com', '$2a$15$I/IQMIN10OiuSwhAmkOPyebrz../YoOXYhjt41vBDuuasNa6mfKGe                                                                                                                                                                                                   ', 1);
INSERT INTO public.users VALUES (29, 'jd@gmail.com', '$2a$15$i0OBzAajXCJiN1ZDVM6Z0ObKWMI5gM.LVEpuUnGevrfjkUVU9yupm                                                                                                                                                                                                   ', 1);
INSERT INTO public.users VALUES (30, 'ct@gmail.com', '$2a$15$qBU8Euz.aaZmrb9ZW5kUcOM/TVhT3SiirKEfzkvKTghlehVZeyW7i                                                                                                                                                                                                   ', 1);
INSERT INTO public.users VALUES (31, 'house@gmail.com', '$2a$15$B2pq5.ba1199UULYVYwfNuO2h8KB6QowSoyU2C40EBdzN1CsEtd4G                                                                                                                                                                                                   ', 1);
INSERT INTO public.users VALUES (32, 'op@gmail.com', '$2a$15$tlddiTi64UkzZ1OU3MGru.J1vN/KhBSeN0uLT5xoQ6.qVb5V9DgdC                                                                                                                                                                                                   ', 2);
INSERT INTO public.users VALUES (33, 'sa@gmail.com', '$2a$15$RODZn98HoN1JHwyOfD/mhunTCXm9QpYzXno1HooovALfca7GiXjVC                                                                                                                                                                                                   ', 2);
INSERT INTO public.users VALUES (34, 'jw@gmail.com', '$2a$15$QY/.dkbMF/xXTdkWmlYsiOjYSGAe4CXgRhQYk2Nsl7ftoKKzr.cUS                                                                                                                                                                                                   ', 2);


--
-- TOC entry 1989 (class 0 OID 0)
-- Dependencies: 177
-- Name: users_id_seq; Type: SEQUENCE SET; Schema: public; Owner: postgres
--

SELECT pg_catalog.setval('public.users_id_seq', 34, true);


--
-- TOC entry 1850 (class 2606 OID 16748)
-- Name: doctor_pkey; Type: CONSTRAINT; Schema: public; Owner: postgres; Tablespace: 
--

ALTER TABLE ONLY public.doctors
    ADD CONSTRAINT doctor_pkey PRIMARY KEY (id);


--
-- TOC entry 1852 (class 2606 OID 16758)
-- Name: patient_pkey; Type: CONSTRAINT; Schema: public; Owner: postgres; Tablespace: 
--

ALTER TABLE ONLY public.patients
    ADD CONSTRAINT patient_pkey PRIMARY KEY (id);


--
-- TOC entry 1848 (class 2606 OID 16694)
-- Name: roles_pkey; Type: CONSTRAINT; Schema: public; Owner: postgres; Tablespace: 
--

ALTER TABLE ONLY public.roles
    ADD CONSTRAINT roles_pkey PRIMARY KEY (id);


--
-- TOC entry 1854 (class 2606 OID 16777)
-- Name: timeslots_pkey; Type: CONSTRAINT; Schema: public; Owner: postgres; Tablespace: 
--

ALTER TABLE ONLY public.timeslots
    ADD CONSTRAINT timeslots_pkey PRIMARY KEY (id);


--
-- TOC entry 1856 (class 2606 OID 16799)
-- Name: users_pkey; Type: CONSTRAINT; Schema: public; Owner: postgres; Tablespace: 
--

ALTER TABLE ONLY public.users
    ADD CONSTRAINT users_pkey PRIMARY KEY (id);


--
-- TOC entry 1857 (class 2606 OID 16778)
-- Name: timeslots_id_doctor_fkey; Type: FK CONSTRAINT; Schema: public; Owner: postgres
--

ALTER TABLE ONLY public.timeslots
    ADD CONSTRAINT timeslots_id_doctor_fkey FOREIGN KEY (id_doctor) REFERENCES public.doctors(id);


--
-- TOC entry 1858 (class 2606 OID 16783)
-- Name: timeslots_id_patient_fkey; Type: FK CONSTRAINT; Schema: public; Owner: postgres
--

ALTER TABLE ONLY public.timeslots
    ADD CONSTRAINT timeslots_id_patient_fkey FOREIGN KEY (id_patient) REFERENCES public.patients(id);


--
-- TOC entry 1859 (class 2606 OID 16800)
-- Name: users_roles_fkey; Type: FK CONSTRAINT; Schema: public; Owner: postgres
--

ALTER TABLE ONLY public.users
    ADD CONSTRAINT users_roles_fkey FOREIGN KEY (role) REFERENCES public.roles(id);


--
-- TOC entry 1982 (class 0 OID 0)
-- Dependencies: 6
-- Name: SCHEMA public; Type: ACL; Schema: -; Owner: postgres
--

REVOKE ALL ON SCHEMA public FROM PUBLIC;
REVOKE ALL ON SCHEMA public FROM postgres;
GRANT ALL ON SCHEMA public TO postgres;
GRANT ALL ON SCHEMA public TO PUBLIC;


-- Completed on 2018-11-21 14:54:35

--
-- PostgreSQL database dump complete
--

